pstl_cd,district
21-586,Dzielnica XIV Czyżyny
30-000,Dzielnica IV Prądnik Biały
30-015,Dzielnica V Krowodrza
30-058,Dzielnica V Krowodrza
30-059,Dzielnica V Krowodrza
30-061,Dzielnica I Stare Miasto
30-075,Dzielnica V Krowodrza
30-085,Dzielnica V Krowodrza
30-107,Dzielnica I Stare Miasto
30-121,Dzielnica V Krowodrza
30-138,Dzielnica VI Bronowice
30-139,Dzielnica I Stare Miasto
30-195,Dzielnica VI Bronowice
30-203,Dzielnica VII Zwierzyniec
30-204,Dzielnica VII Zwierzyniec
30-206,Dzielnica VII Zwierzyniec
30-238,Dzielnica VII Zwierzyniec
30-239,Dzielnica VII Zwierzyniec
30-248,Dzielnica VII Zwierzyniec
30-249,Dzielnica VII Zwierzyniec
30-251,Dzielnica VII Zwierzyniec
30-254,Dzielnica VII Zwierzyniec
30-267,Dzielnica IV Prądnik Biały
30-276,Dzielnica IV Prądnik Biały
30-277,Dzielnica VII Zwierzyniec
30-301,Dzielnica VIII Dębniki
30-303,Dzielnica IV Prądnik Biały
30-305,Dzielnica VIII Dębniki
30-310,Dzielnica V Krowodrza
30-319,Dzielnica VIII Dębniki
30-323,Dzielnica VIII Dębniki
30-333,Dzielnica V Krowodrza
30-335,Dzielnica VIII Dębniki
30-352,Dzielnica VI Bronowice
30-354,Dzielnica VIII Dębniki
30-372,Dzielnica VIII Dębniki
30-374,Dzielnica VIII Dębniki
30-393,Dzielnica VIII Dębniki
30-395,Dzielnica I Stare Miasto
30-415,Dzielnica IX Łagiewniki-Borek Fałęcki
30-424,Dzielnica IX Łagiewniki-Borek Fałęcki
30-429,Dzielnica IX Łagiewniki-Borek Fałęcki
30-432,Dzielnica IX Łagiewniki-Borek Fałęcki
30-459,Dzielnica X Swoszowice
30-465,Dzielnica III Prądnik Czerwony
30-502,Dzielnica VI Bronowice
30-504,Dzielnica II Grzegórzki
30-511,Dzielnica XI Podgórze Duchackie
30-522,Dzielnica XIII Podgórze
30-524,Dzielnica XIII Podgórze
30-528,Dzielnica XIII Podgórze
30-546,Dzielnica II Grzegórzki
30-547,Dzielnica VIII Dębniki
30-550,Dzielnica VIII Dębniki
30-555,Dzielnica XIII Podgórze
30-572,Dzielnica II Grzegórzki
30-574,Dzielnica XIII Podgórze
30-585,Dzielnica XIII Podgórze
30-603,Dzielnica IX Łagiewniki-Borek Fałęcki
30-606,Dzielnica IX Łagiewniki-Borek Fałęcki
30-608,Dzielnica IX Łagiewniki-Borek Fałęcki
30-609,Dzielnica IX Łagiewniki-Borek Fałęcki
30-610,Dzielnica IX Łagiewniki-Borek Fałęcki
30-647,Dzielnica XI Podgórze Duchackie
30-651,Dzielnica XI Podgórze Duchackie
30-661,Dzielnica XI Podgórze Duchackie
30-685,Dzielnica X Swoszowice
30-691,Dzielnica XI Podgórze Duchackie
30-705,Dzielnica XIII Podgórze
30-713,Dzielnica XIII Podgórze
30-714,Dzielnica VIII Dębniki
30-719,Dzielnica IX Łagiewniki-Borek Fałęcki
30-740,Dzielnica XII Bieżanów-Prokocim
30-741,Dzielnica XII Bieżanów-Prokocim
30-783,Dzielnica XIII Podgórze
30-784,Dzielnica XIII Podgórze
30-789,Dzielnica XII Bieżanów-Prokocim
30-791,Dzielnica XII Bieżanów-Prokocim
30-816,Dzielnica XI Podgórze Duchackie
30-820,Dzielnica XII Bieżanów-Prokocim
30-825,Dzielnica XII Bieżanów-Prokocim
30-829,Dzielnica IX Łagiewniki-Borek Fałęcki
30-860,Dzielnica XII Bieżanów-Prokocim
30-865,Dzielnica XII Bieżanów-Prokocim
30-869,Dzielnica XII Bieżanów-Prokocim
30-890,Dzielnica XII Bieżanów-Prokocim
30-960,Dzielnica I Stare Miasto
30-965,Dzielnica XII Bieżanów-Prokocim
30-978,Dzielnica XII Bieżanów-Prokocim
31-000,Dzielnica V Krowodrza
31-005,Dzielnica I Stare Miasto
31-011,Dzielnica I Stare Miasto
31-027,Dzielnica I Stare Miasto
31-038,Dzielnica I Stare Miasto
31-042,Dzielnica I Stare Miasto
31-043,Dzielnica I Stare Miasto
31-044,Dzielnica I Stare Miasto
31-046,Dzielnica I Stare Miasto
31-051,Dzielnica I Stare Miasto
31-062,Dzielnica I Stare Miasto
31-064,Dzielnica I Stare Miasto
12-200,Dzielnica I Stare Miasto
20-611,Dzielnica XI Podgórze Duchackie
21-867,Dzielnica XIV Czyżyny
26-022,Dzielnica XIII Podgórze
30-005,Dzielnica I Stare Miasto
30-007,Dzielnica V Krowodrza
30-012,Dzielnica IV Prądnik Biały
30-018,Dzielnica I Stare Miasto
30-021,Dzielnica V Krowodrza
30-033,Dzielnica IV Prądnik Biały
30-041,Dzielnica V Krowodrza
30-044,Dzielnica I Stare Miasto
30-072,Dzielnica V Krowodrza
30-078,Dzielnica V Krowodrza
30-082,Dzielnica V Krowodrza
30-091,Dzielnica V Krowodrza
30-094,Dzielnica VI Bronowice
30-100,Dzielnica VII Zwierzyniec
30-106,Dzielnica VII Zwierzyniec
30-111,Dzielnica V Krowodrza
30-115,Dzielnica VII Zwierzyniec
30-117,Dzielnica V Krowodrza
30-143,Dzielnica V Krowodrza
30-192,Dzielnica VI Bronowice
30-198,Dzielnica III Prądnik Czerwony
30-201,Dzielnica VII Zwierzyniec
30-212,Dzielnica VII Zwierzyniec
30-222,Dzielnica IV Prądnik Biały
30-230,Dzielnica VII Zwierzyniec
30-240,Dzielnica VII Zwierzyniec
30-253,Dzielnica VII Zwierzyniec
30-269,Dzielnica VII Zwierzyniec
30-271,Dzielnica IV Prądnik Biały
30-279,Dzielnica IV Prądnik Biały
30-289,Dzielnica VII Zwierzyniec
30-320,Dzielnica VIII Dębniki
30-325,Dzielnica VI Bronowice
30-327,Dzielnica VIII Dębniki
30-330,Dzielnica VIII Dębniki
30-349,Dzielnica VIII Dębniki
30-350,Dzielnica VIII Dębniki
30-353,Dzielnica XIII Podgórze
30-355,Dzielnica VIII Dębniki
30-357,Dzielnica IV Prądnik Biały
30-361,Dzielnica VIII Dębniki
30-368,Dzielnica VIII Dębniki
30-370,Dzielnica VIII Dębniki
30-373,Dzielnica XIII Podgórze
30-375,Dzielnica VIII Dębniki
30-377,Dzielnica VIII Dębniki
30-381,Dzielnica VIII Dębniki
30-388,Dzielnica VIII Dębniki
30-390,Dzielnica VIII Dębniki
30-397,Dzielnica VIII Dębniki
30-405,Dzielnica IX Łagiewniki-Borek Fałęcki
30-417,Dzielnica XIII Podgórze
30-420,Dzielnica IX Łagiewniki-Borek Fałęcki
30-428,Dzielnica IX Łagiewniki-Borek Fałęcki
30-430,Dzielnica IX Łagiewniki-Borek Fałęcki
30-433,Dzielnica X Swoszowice
30-444,Dzielnica VIII Dębniki
30-450,Dzielnica V Krowodrza
30-458,Dzielnica XIII Podgórze
30-494,Dzielnica X Swoszowice
30-503,Dzielnica XIII Podgórze
30-508,Dzielnica XIII Podgórze
30-523,Dzielnica XIII Podgórze
30-531,Dzielnica XIII Podgórze
30-532,Dzielnica XIII Podgórze
30-535,Dzielnica VI Bronowice
30-537,Dzielnica XII Bieżanów-Prokocim
30-544,Dzielnica X Swoszowice
30-561,Dzielnica XIII Podgórze
30-613,Dzielnica XI Podgórze Duchackie
30-620,Dzielnica VI Bronowice
30-621,Dzielnica XI Podgórze Duchackie
30-625,Dzielnica XI Podgórze Duchackie
30-629,Dzielnica XI Podgórze Duchackie
30-631,Dzielnica XI Podgórze Duchackie
30-634,Dzielnica VIII Dębniki
30-646,Dzielnica XI Podgórze Duchackie
30-670,Dzielnica XII Bieżanów-Prokocim
30-677,Dzielnica XII Bieżanów-Prokocim
30-682,Dzielnica III Prądnik Czerwony
30-687,Dzielnica XI Podgórze Duchackie
30-694,Dzielnica VIII Dębniki
30-710,Dzielnica XIII Podgórze
30-718,Dzielnica VI Bronowice
30-725,Dzielnica VIII Dębniki
30-737,Dzielnica XII Bieżanów-Prokocim
30-749,Dzielnica XII Bieżanów-Prokocim
30-796,Dzielnica XII Bieżanów-Prokocim
30-830,Dzielnica XII Bieżanów-Prokocim
30-834,Dzielnica VIII Dębniki
30-836,Dzielnica VIII Dębniki
30-858,Dzielnica XII Bieżanów-Prokocim
30-875,Dzielnica XIV Czyżyny
30-902,Dzielnica XII Bieżanów-Prokocim
30-928,Dzielnica XIII Podgórze
30-938,Dzielnica X Swoszowice
30-941,Dzielnica XII Bieżanów-Prokocim
30-990,Dzielnica XVII Wzgórza Krzesławickie
30-999,Dzielnica X Swoszowice
31-002,Dzielnica I Stare Miasto
10-134,Dzielnica VI Bronowice
30-001,Dzielnica I Stare Miasto
30-008,Dzielnica VI Bronowice
30-045,Dzielnica V Krowodrza
30-047,Dzielnica I Stare Miasto
30-052,Dzielnica I Stare Miasto
30-053,Dzielnica I Stare Miasto
30-060,Dzielnica I Stare Miasto
30-064,Dzielnica V Krowodrza
30-066,Dzielnica I Stare Miasto
30-095,Dzielnica VI Bronowice
30-097,Dzielnica V Krowodrza
30-120,Dzielnica V Krowodrza
30-124,Dzielnica V Krowodrza
30-126,Dzielnica VI Bronowice
30-132,Dzielnica IV Prądnik Biały
30-133,Dzielnica VI Bronowice
30-149,Dzielnica VI Bronowice
30-178,Dzielnica XIII Podgórze
30-180,Dzielnica III Prądnik Czerwony
30-184,Dzielnica VI Bronowice
30-209,Dzielnica IV Prądnik Biały
30-214,Dzielnica I Stare Miasto
30-216,Dzielnica II Grzegórzki
30-224,Dzielnica VII Zwierzyniec
30-233,Dzielnica VII Zwierzyniec
30-243,Dzielnica V Krowodrza
30-250,Dzielnica I Stare Miasto
30-300,Dzielnica VIII Dębniki
30-308,Dzielnica IX Łagiewniki-Borek Fałęcki
30-311,Dzielnica IV Prądnik Biały
30-328,Dzielnica VII Zwierzyniec
30-338,Dzielnica IV Prądnik Biały
30-343,Dzielnica IV Prądnik Biały
30-345,Dzielnica IV Prądnik Biały
30-346,Dzielnica IV Prądnik Biały
30-347,Dzielnica IX Łagiewniki-Borek Fałęcki
30-364,Dzielnica VIII Dębniki
30-384,Dzielnica VIII Dębniki
30-398,Dzielnica VI Bronowice
30-413,Dzielnica III Prądnik Czerwony
30-438,Dzielnica VIII Dębniki
30-441,Dzielnica X Swoszowice
30-445,Dzielnica X Swoszowice
30-446,Dzielnica X Swoszowice
30-467,Dzielnica III Prądnik Czerwony
30-483,Dzielnica X Swoszowice
30-495,Dzielnica X Swoszowice
30-509,Dzielnica XIII Podgórze
30-510,Dzielnica I Stare Miasto
30-515,Dzielnica XIII Podgórze
30-516,Dzielnica VIII Dębniki
30-517,Dzielnica XIII Podgórze
30-529,Dzielnica XII Bieżanów-Prokocim
30-551,Dzielnica XIII Podgórze
30-553,Dzielnica II Grzegórzki
30-565,Dzielnica XI Podgórze Duchackie
30-567,Dzielnica XII Bieżanów-Prokocim
30-583,Dzielnica XIII Podgórze
30-598,Dzielnica X Swoszowice
30-618,Dzielnica X Swoszowice
30-627,Dzielnica XI Podgórze Duchackie
30-635,Dzielnica XI Podgórze Duchackie
30-637,Dzielnica XI Podgórze Duchackie
30-639,Dzielnica XI Podgórze Duchackie
30-644,Dzielnica XI Podgórze Duchackie
30-654,Dzielnica VIII Dębniki
30-656,Dzielnica XI Podgórze Duchackie
30-659,Dzielnica XI Podgórze Duchackie
30-664,Dzielnica XI Podgórze Duchackie
30-666,Dzielnica XII Bieżanów-Prokocim
30-669,Dzielnica X Swoszowice
30-680,Dzielnica XI Podgórze Duchackie
30-681,Dzielnica XI Podgórze Duchackie
30-696,Dzielnica XI Podgórze Duchackie
30-699,Dzielnica X Swoszowice
30-702,Dzielnica XIII Podgórze
30-707,Dzielnica XIII Podgórze
30-722,Dzielnica XIII Podgórze
30-727,Dzielnica XIII Podgórze
30-733,Dzielnica XIII Podgórze
30-738,Dzielnica XII Bieżanów-Prokocim
30-744,Dzielnica XIII Podgórze
30-799,Dzielnica XII Bieżanów-Prokocim
30-800,Dzielnica XII Bieżanów-Prokocim
30-805,Dzielnica XII Bieżanów-Prokocim
30-806,Dzielnica XII Bieżanów-Prokocim
30-807,Dzielnica XII Bieżanów-Prokocim
30-814,Dzielnica XII Bieżanów-Prokocim
30-821,Dzielnica XII Bieżanów-Prokocim
30-822,Dzielnica XII Bieżanów-Prokocim
30-828,Dzielnica XII Bieżanów-Prokocim
30-853,Dzielnica XII Bieżanów-Prokocim
30-861,Dzielnica XI Podgórze Duchackie
30-862,Dzielnica XII Bieżanów-Prokocim
30-868,Dzielnica XI Podgórze Duchackie
30-877,Dzielnica XIV Czyżyny
30-881,Dzielnica III Prądnik Czerwony
30-883,Dzielnica VIII Dębniki
30-888,Dzielnica XII Bieżanów-Prokocim
30-898,Dzielnica X Swoszowice
30-944,Dzielnica X Swoszowice
03-383,Dzielnica VIII Dębniki
09-052,Dzielnica II Grzegórzki
13-455,Dzielnica III Prądnik Czerwony
22-112,Dzielnica VIII Dębniki
30-002,Dzielnica V Krowodrza
30-003,Dzielnica II Grzegórzki
30-004,Dzielnica I Stare Miasto
30-006,Dzielnica V Krowodrza
30-017,Dzielnica IV Prądnik Biały
30-022,Dzielnica V Krowodrza
30-051,Dzielnica I Stare Miasto
30-069,Dzielnica I Stare Miasto
30-086,Dzielnica V Krowodrza
30-087,Dzielnica IV Prądnik Biały
30-109,Dzielnica II Grzegórzki
30-112,Dzielnica I Stare Miasto
30-114,Dzielnica V Krowodrza
30-128,Dzielnica V Krowodrza
30-129,Dzielnica V Krowodrza
30-131,Dzielnica VI Bronowice
30-154,Dzielnica II Grzegórzki
30-189,Dzielnica VI Bronowice
30-218,Dzielnica III Prądnik Czerwony
30-219,Dzielnica VII Zwierzyniec
30-228,Dzielnica IV Prądnik Biały
30-229,Dzielnica IV Prądnik Biały
30-272,Dzielnica IV Prądnik Biały
30-306,Dzielnica VIII Dębniki
30-307,Dzielnica VIII Dębniki
30-312,Dzielnica IV Prądnik Biały
30-314,Dzielnica VII Zwierzyniec
30-326,Dzielnica VII Zwierzyniec
30-336,Dzielnica VIII Dębniki
30-337,Dzielnica VIII Dębniki
30-348,Dzielnica I Stare Miasto
30-396,Dzielnica VIII Dębniki
30-403,Dzielnica I Stare Miasto
30-404,Dzielnica I Stare Miasto
30-408,Dzielnica IX Łagiewniki-Borek Fałęcki
30-411,Dzielnica IX Łagiewniki-Borek Fałęcki
30-416,Dzielnica III Prądnik Czerwony
30-437,Dzielnica I Stare Miasto
30-442,Dzielnica IX Łagiewniki-Borek Fałęcki
30-443,Dzielnica I Stare Miasto
30-449,Dzielnica X Swoszowice
30-468,Dzielnica XII Bieżanów-Prokocim
30-499,Dzielnica X Swoszowice
30-512,Dzielnica XIII Podgórze
30-514,Dzielnica VIII Dębniki
30-518,Dzielnica II Grzegórzki
30-521,Dzielnica II Grzegórzki
30-533,Dzielnica II Grzegórzki
30-540,Dzielnica XIII Podgórze
30-545,Dzielnica XIII Podgórze
30-556,Dzielnica XIII Podgórze
30-563,Dzielnica XI Podgórze Duchackie
30-586,Dzielnica XIV Czyżyny
30-596,Dzielnica XIII Podgórze
30-605,Dzielnica IX Łagiewniki-Borek Fałęcki
30-622,Dzielnica IX Łagiewniki-Borek Fałęcki
30-624,Dzielnica X Swoszowice
30-630,Dzielnica XI Podgórze Duchackie
30-674,Dzielnica XI Podgórze Duchackie
30-683,Dzielnica XI Podgórze Duchackie
30-686,Dzielnica V Krowodrza
30-688,Dzielnica XI Podgórze Duchackie
30-689,Dzielnica X Swoszowice
30-690,Dzielnica II Grzegórzki
30-706,Dzielnica XIII Podgórze
30-724,Dzielnica XIII Podgórze
30-728,Dzielnica XIII Podgórze
30-730,Dzielnica XIII Podgórze
30-731,Dzielnica XII Bieżanów-Prokocim
30-802,Dzielnica XII Bieżanów-Prokocim
30-804,Dzielnica XII Bieżanów-Prokocim
30-808,Dzielnica XII Bieżanów-Prokocim
30-810,Dzielnica XII Bieżanów-Prokocim
30-815,Dzielnica XII Bieżanów-Prokocim
30-819,Dzielnica XII Bieżanów-Prokocim
30-826,Dzielnica XII Bieżanów-Prokocim
30-827,Dzielnica XII Bieżanów-Prokocim
30-857,Dzielnica XII Bieżanów-Prokocim
30-866,Dzielnica XII Bieżanów-Prokocim
30-867,Dzielnica XII Bieżanów-Prokocim
30-873,Dzielnica XII Bieżanów-Prokocim
30-896,Dzielnica XII Bieżanów-Prokocim
30-897,Dzielnica XII Bieżanów-Prokocim
30-983,Dzielnica XVIII Nowa Huta
30-989,Dzielnica XII Bieżanów-Prokocim
31-003,Dzielnica I Stare Miasto
31-006,Dzielnica I Stare Miasto
31-018,Dzielnica I Stare Miasto
31-019,Dzielnica I Stare Miasto
31-025,Dzielnica I Stare Miasto
31-031,Dzielnica I Stare Miasto
31-040,Dzielnica III Prądnik Czerwony
31-058,Dzielnica I Stare Miasto
31-059,Dzielnica I Stare Miasto
31-072,Dzielnica I Stare Miasto
31-074,Dzielnica XIII Podgórze
31-080,Dzielnica I Stare Miasto
31-101,Dzielnica I Stare Miasto
31-070,Dzielnica I Stare Miasto
31-082,Dzielnica I Stare Miasto
31-084,Dzielnica I Stare Miasto
31-108,Dzielnica I Stare Miasto
31-109,Dzielnica I Stare Miasto
31-111,Dzielnica I Stare Miasto
31-132,Dzielnica I Stare Miasto
31-133,Dzielnica I Stare Miasto
31-134,Dzielnica I Stare Miasto
31-136,Dzielnica I Stare Miasto
31-140,Dzielnica I Stare Miasto
31-145,Dzielnica I Stare Miasto
31-155,Dzielnica I Stare Miasto
31-159,Dzielnica I Stare Miasto
31-218,Dzielnica I Stare Miasto
31-244,Dzielnica III Prądnik Czerwony
31-246,Dzielnica IV Prądnik Biały
31-268,Dzielnica IV Prądnik Biały
31-269,Dzielnica IV Prądnik Biały
31-302,Dzielnica IV Prądnik Biały
31-304,Dzielnica I Stare Miasto
31-332,Dzielnica I Stare Miasto
31-333,Dzielnica IV Prądnik Biały
31-350,Dzielnica II Grzegórzki
31-358,Dzielnica I Stare Miasto
31-359,Dzielnica II Grzegórzki
31-372,Dzielnica XVIII Nowa Huta
31-391,Dzielnica XVIII Nowa Huta
31-415,Dzielnica I Stare Miasto
31-456,Dzielnica III Prądnik Czerwony
31-465,Dzielnica III Prądnik Czerwony
31-473,Dzielnica III Prądnik Czerwony
31-474,Dzielnica III Prądnik Czerwony
31-478,Dzielnica III Prądnik Czerwony
31-480,Dzielnica III Prądnik Czerwony
31-481,Dzielnica III Prądnik Czerwony
31-503,Dzielnica I Stare Miasto
31-508,Dzielnica II Grzegórzki
31-512,Dzielnica II Grzegórzki
31-514,Dzielnica II Grzegórzki
31-518,Dzielnica II Grzegórzki
31-521,Dzielnica I Stare Miasto
31-539,Dzielnica II Grzegórzki
31-540,Dzielnica II Grzegórzki
31-545,Dzielnica II Grzegórzki
31-549,Dzielnica II Grzegórzki
31-556,Dzielnica II Grzegórzki
31-557,Dzielnica II Grzegórzki
31-582,Dzielnica XIV Czyżyny
31-584,Dzielnica II Grzegórzki
31-595,Dzielnica II Grzegórzki
31-599,Dzielnica II Grzegórzki
31-658,Dzielnica XI Podgórze Duchackie
31-667,Dzielnica XV Mistrzejowice
31-713,Dzielnica XIII Podgórze
31-723,Dzielnica XVII Wzgórza Krzesławickie
31-724,Dzielnica III Prądnik Czerwony
31-729,Dzielnica XVII Wzgórza Krzesławickie
31-745,Dzielnica XVII Wzgórza Krzesławickie
31-761,Dzielnica XVII Wzgórza Krzesławickie
31-780,Dzielnica XIV Czyżyny
31-793,Dzielnica XVII Wzgórza Krzesławickie
31-841,Dzielnica XIV Czyżyny
31-850,Dzielnica XIV Czyżyny
31-855,Dzielnica XVI Bieńczyce
31-869,Dzielnica XIV Czyżyny
31-870,Dzielnica XIV Czyżyny
31-875,Dzielnica XIV Czyżyny
31-896,Dzielnica XVI Bieńczyce
31-901,Dzielnica XVIII Nowa Huta
31-910,Dzielnica XVII Wzgórza Krzesławickie
31-915,Dzielnica XV Mistrzejowice
31-924,Dzielnica XV Mistrzejowice
31-928,Dzielnica XIV Czyżyny
31-931,Dzielnica XVI Bieńczyce
31-940,Dzielnica XVIII Nowa Huta
31-945,Dzielnica XVI Bieńczyce
31-955,Dzielnica XVI Bieńczyce
31-960,Dzielnica XVI Bieńczyce
31-965,Dzielnica XVIII Nowa Huta
31-977,Dzielnica XIV Czyżyny
31-986,Dzielnica XIV Czyżyny
31-988,Dzielnica XVII Wzgórza Krzesławickie
32-052,Dzielnica V Krowodrza
32-080,Dzielnica I Stare Miasto
32-218,Dzielnica VII Zwierzyniec
32-227,Dzielnica IV Prądnik Biały
32-251,Dzielnica VII Zwierzyniec
32-566,Dzielnica XI Podgórze Duchackie
33-052,Dzielnica V Krowodrza
33-061,Dzielnica XI Podgórze Duchackie
33-085,Dzielnica XIII Podgórze
33-122,Dzielnica VIII Dębniki
33-135,Dzielnica VI Bronowice
33-158,Dzielnica XIV Czyżyny
33-729,Dzielnica XIII Podgórze
34-348,Dzielnica IV Prądnik Biały
34-553,Dzielnica II Grzegórzki
36-669,Dzielnica XII Bieżanów-Prokocim
36-808,Dzielnica XVI Bieńczyce
37-589,Dzielnica XIV Czyżyny
40-427,Dzielnica IX Łagiewniki-Borek Fałęcki
93-939,Dzielnica XVIII Nowa Huta
11-261,Dzielnica IV Prądnik Biały
20-693,Dzielnica XI Podgórze Duchackie
21-228,Dzielnica IV Prądnik Biały
21-313,Dzielnica IV Prądnik Biały
30-011,Dzielnica V Krowodrza
30-013,Dzielnica V Krowodrza
30-014,Dzielnica I Stare Miasto
30-030,Dzielnica I Stare Miasto
30-042,Dzielnica V Krowodrza
30-046,Dzielnica V Krowodrza
30-048,Dzielnica I Stare Miasto
30-049,Dzielnica V Krowodrza
30-057,Dzielnica I Stare Miasto
30-065,Dzielnica I Stare Miasto
30-071,Dzielnica I Stare Miasto
30-073,Dzielnica V Krowodrza
30-081,Dzielnica V Krowodrza
30-083,Dzielnica V Krowodrza
30-084,Dzielnica V Krowodrza
30-092,Dzielnica VI Bronowice
30-096,Dzielnica V Krowodrza
30-098,Dzielnica VI Bronowice
30-099,Dzielnica V Krowodrza
30-105,Dzielnica VII Zwierzyniec
30-116,Dzielnica I Stare Miasto
30-118,Dzielnica VII Zwierzyniec
30-125,Dzielnica VI Bronowice
30-137,Dzielnica VI Bronowice
30-140,Dzielnica I Stare Miasto
30-158,Dzielnica VI Bronowice
30-202,Dzielnica VI Bronowice
30-211,Dzielnica VI Bronowice
30-215,Dzielnica IV Prądnik Biały
30-221,Dzielnica VII Zwierzyniec
30-225,Dzielnica VII Zwierzyniec
30-237,Dzielnica VII Zwierzyniec
30-247,Dzielnica VII Zwierzyniec
30-298,Dzielnica VII Zwierzyniec
30-329,Dzielnica VIII Dębniki
30-339,Dzielnica VIII Dębniki
30-340,Dzielnica IV Prądnik Biały
30-356,Dzielnica VI Bronowice
30-358,Dzielnica VIII Dębniki
30-367,Dzielnica VIII Dębniki
30-376,Dzielnica VIII Dębniki
30-378,Dzielnica VIII Dębniki
30-379,Dzielnica VIII Dębniki
30-387,Dzielnica VIII Dębniki
30-399,Dzielnica VIII Dębniki
30-406,Dzielnica IX Łagiewniki-Borek Fałęcki
30-409,Dzielnica IX Łagiewniki-Borek Fałęcki
30-410,Dzielnica IX Łagiewniki-Borek Fałęcki
30-414,Dzielnica IX Łagiewniki-Borek Fałęcki
30-418,Dzielnica IX Łagiewniki-Borek Fałęcki
30-427,Dzielnica IX Łagiewniki-Borek Fałęcki
30-460,Dzielnica III Prądnik Czerwony
30-464,Dzielnica IX Łagiewniki-Borek Fałęcki
30-480,Dzielnica IX Łagiewniki-Borek Fałęcki
30-501,Dzielnica V Krowodrza
30-507,Dzielnica XIII Podgórze
30-527,Dzielnica I Stare Miasto
30-534,Dzielnica XIII Podgórze
30-536,Dzielnica XIII Podgórze
30-538,Dzielnica XIII Podgórze
30-549,Dzielnica XIII Podgórze
30-564,Dzielnica II Grzegórzki
30-566,Dzielnica XIII Podgórze
30-568,Dzielnica XI Podgórze Duchackie
30-571,Dzielnica II Grzegórzki
30-626,Dzielnica VIII Dębniki
30-632,Dzielnica XI Podgórze Duchackie
30-636,Dzielnica XI Podgórze Duchackie
30-645,Dzielnica XI Podgórze Duchackie
30-650,Dzielnica XI Podgórze Duchackie
30-655,Dzielnica XI Podgórze Duchackie
30-660,Dzielnica XI Podgórze Duchackie
30-665,Dzielnica XI Podgórze Duchackie
30-684,Dzielnica X Swoszowice
30-695,Dzielnica IX Łagiewniki-Borek Fałęcki
30-701,Dzielnica VIII Dębniki
30-703,Dzielnica XIII Podgórze
30-704,Dzielnica XIII Podgórze
30-708,Dzielnica XII Bieżanów-Prokocim
30-717,Dzielnica XII Bieżanów-Prokocim
30-721,Dzielnica VI Bronowice
30-723,Dzielnica XIII Podgórze
30-726,Dzielnica XIII Podgórze
30-729,Dzielnica XIII Podgórze
30-742,Dzielnica XII Bieżanów-Prokocim
30-761,Dzielnica XIII Podgórze
30-792,Dzielnica XII Bieżanów-Prokocim
30-823,Dzielnica XII Bieżanów-Prokocim
30-832,Dzielnica VIII Dębniki
30-835,Dzielnica VIII Dębniki
30-839,Dzielnica XII Bieżanów-Prokocim
30-851,Dzielnica XII Bieżanów-Prokocim
30-863,Dzielnica XII Bieżanów-Prokocim
30-876,Dzielnica XII Bieżanów-Prokocim
30-878,Dzielnica XIV Czyżyny
30-961,Dzielnica XVII Wzgórza Krzesławickie
30-963,Dzielnica XI Podgórze Duchackie
30-964,Dzielnica X Swoszowice
30-009,Dzielnica I Stare Miasto
30-035,Dzielnica I Stare Miasto
30-037,Dzielnica V Krowodrza
30-050,Dzielnica V Krowodrza
30-054,Dzielnica I Stare Miasto
30-056,Dzielnica V Krowodrza
30-062,Dzielnica V Krowodrza
30-063,Dzielnica V Krowodrza
30-074,Dzielnica V Krowodrza
30-119,Dzielnica VII Zwierzyniec
30-122,Dzielnica VI Bronowice
30-123,Dzielnica I Stare Miasto
30-130,Dzielnica III Prądnik Czerwony
30-134,Dzielnica VI Bronowice
30-136,Dzielnica VI Bronowice
30-147,Dzielnica I Stare Miasto
30-159,Dzielnica V Krowodrza
30-162,Dzielnica VI Bronowice
30-163,Dzielnica VII Zwierzyniec
30-179,Dzielnica V Krowodrza
30-182,Dzielnica V Krowodrza
30-208,Dzielnica VII Zwierzyniec
30-213,Dzielnica VII Zwierzyniec
30-223,Dzielnica IV Prądnik Biały
30-234,Dzielnica IV Prądnik Biały
30-236,Dzielnica I Stare Miasto
30-244,Dzielnica VII Zwierzyniec
30-246,Dzielnica VII Zwierzyniec
30-252,Dzielnica VII Zwierzyniec
30-255,Dzielnica VII Zwierzyniec
30-309,Dzielnica VIII Dębniki
30-351,Dzielnica XIII Podgórze
30-362,Dzielnica VIII Dębniki
30-382,Dzielnica IX Łagiewniki-Borek Fałęcki
30-419,Dzielnica III Prądnik Czerwony
30-421,Dzielnica III Prądnik Czerwony
30-425,Dzielnica IX Łagiewniki-Borek Fałęcki
30-435,Dzielnica IX Łagiewniki-Borek Fałęcki
30-436,Dzielnica III Prądnik Czerwony
30-455,Dzielnica X Swoszowice
30-478,Dzielnica X Swoszowice
30-489,Dzielnica X Swoszowice
30-519,Dzielnica XIII Podgórze
30-520,Dzielnica XIII Podgórze
30-525,Dzielnica XIII Podgórze
30-526,Dzielnica XIII Podgórze
30-543,Dzielnica II Grzegórzki
30-548,Dzielnica XIII Podgórze
30-600,Dzielnica IX Łagiewniki-Borek Fałęcki
30-601,Dzielnica IX Łagiewniki-Borek Fałęcki
30-615,Dzielnica IX Łagiewniki-Borek Fałęcki
30-617,Dzielnica X Swoszowice
30-619,Dzielnica X Swoszowice
30-638,Dzielnica VI Bronowice
30-652,Dzielnica XI Podgórze Duchackie
30-653,Dzielnica XI Podgórze Duchackie
30-662,Dzielnica XI Podgórze Duchackie
30-663,Dzielnica XI Podgórze Duchackie
30-692,Dzielnica VIII Dębniki
30-693,Dzielnica V Krowodrza
30-709,Dzielnica XIII Podgórze
30-711,Dzielnica XIII Podgórze
30-720,Dzielnica XIII Podgórze
30-734,Dzielnica VIII Dębniki
30-793,Dzielnica XII Bieżanów-Prokocim
30-809,Dzielnica XII Bieżanów-Prokocim
30-811,Dzielnica XII Bieżanów-Prokocim
30-812,Dzielnica XII Bieżanów-Prokocim
30-818,Dzielnica XI Podgórze Duchackie
30-824,Dzielnica XII Bieżanów-Prokocim
30-864,Dzielnica XII Bieżanów-Prokocim
30-925,Dzielnica XVIII Nowa Huta
30-969,Dzielnica XIII Podgórze
31-012,Dzielnica I Stare Miasto
31-013,Dzielnica I Stare Miasto
31-035,Dzielnica I Stare Miasto
31-036,Dzielnica I Stare Miasto
31-037,Dzielnica I Stare Miasto
31-041,Dzielnica I Stare Miasto
31-048,Dzielnica I Stare Miasto
31-052,Dzielnica I Stare Miasto
31-053,Dzielnica I Stare Miasto
31-067,Dzielnica I Stare Miasto
31-079,Dzielnica V Krowodrza
31-097,Dzielnica XVIII Nowa Huta
31-104,Dzielnica I Stare Miasto
31-106,Dzielnica I Stare Miasto
31-113,Dzielnica I Stare Miasto
31-131,Dzielnica I Stare Miasto
31-138,Dzielnica I Stare Miasto
31-174,Dzielnica IV Prądnik Biały
31-197,Dzielnica XVIII Nowa Huta
31-203,Dzielnica IV Prądnik Biały
31-215,Dzielnica IV Prądnik Biały
31-216,Dzielnica IV Prądnik Biały
31-220,Dzielnica IV Prądnik Biały
31-233,Dzielnica IV Prądnik Biały
31-253,Dzielnica IV Prądnik Biały
31-264,Dzielnica IV Prądnik Biały
31-266,Dzielnica IV Prądnik Biały
31-270,Dzielnica IV Prądnik Biały
31-283,Dzielnica IV Prądnik Biały
31-301,Dzielnica IV Prądnik Biały
31-007,Dzielnica I Stare Miasto
31-020,Dzielnica I Stare Miasto
31-026,Dzielnica I Stare Miasto
31-029,Dzielnica I Stare Miasto
31-063,Dzielnica I Stare Miasto
31-071,Dzielnica I Stare Miasto
31-075,Dzielnica I Stare Miasto
31-114,Dzielnica I Stare Miasto
31-120,Dzielnica I Stare Miasto
31-126,Dzielnica I Stare Miasto
31-142,Dzielnica I Stare Miasto
31-152,Dzielnica I Stare Miasto
31-158,Dzielnica I Stare Miasto
31-160,Dzielnica I Stare Miasto
31-202,Dzielnica IV Prądnik Biały
31-210,Dzielnica IV Prądnik Biały
31-224,Dzielnica IV Prądnik Biały
31-232,Dzielnica IV Prądnik Biały
31-241,Dzielnica III Prądnik Czerwony
31-252,Dzielnica II Grzegórzki
31-274,Dzielnica IV Prądnik Biały
31-292,Dzielnica XVIII Nowa Huta
31-303,Dzielnica IV Prądnik Biały
31-321,Dzielnica IV Prądnik Biały
31-328,Dzielnica IV Prądnik Biały
31-330,Dzielnica IV Prądnik Biały
31-335,Dzielnica IV Prądnik Biały
31-337,Dzielnica IV Prądnik Biały
31-373,Dzielnica XIV Czyżyny
31-398,Dzielnica VI Bronowice
31-402,Dzielnica III Prądnik Czerwony
31-405,Dzielnica I Stare Miasto
31-417,Dzielnica III Prądnik Czerwony
31-422,Dzielnica I Stare Miasto
31-425,Dzielnica I Stare Miasto
31-432,Dzielnica II Grzegórzki
31-435,Dzielnica I Stare Miasto
31-445,Dzielnica II Grzegórzki
31-467,Dzielnica II Grzegórzki
31-496,Dzielnica III Prądnik Czerwony
31-509,Dzielnica II Grzegórzki
31-513,Dzielnica II Grzegórzki
31-531,Dzielnica II Grzegórzki
31-535,Dzielnica II Grzegórzki
31-537,Dzielnica II Grzegórzki
31-561,Dzielnica II Grzegórzki
31-562,Dzielnica II Grzegórzki
31-565,Dzielnica XIV Czyżyny
31-567,Dzielnica II Grzegórzki
31-570,Dzielnica II Grzegórzki
31-583,Dzielnica XIV Czyżyny
31-588,Dzielnica XIV Czyżyny
31-606,Dzielnica XV Mistrzejowice
31-610,Dzielnica XV Mistrzejowice
31-615,Dzielnica IV Prądnik Biały
31-617,Dzielnica XV Mistrzejowice
31-621,Dzielnica IV Prądnik Biały
31-624,Dzielnica XV Mistrzejowice
31-631,Dzielnica XIV Czyżyny
31-634,Dzielnica II Grzegórzki
31-641,Dzielnica XII Bieżanów-Prokocim
31-644,Dzielnica XV Mistrzejowice
31-687,Dzielnica XIV Czyżyny
31-689,Dzielnica X Swoszowice
31-703,Dzielnica XVII Wzgórza Krzesławickie
31-718,Dzielnica XIII Podgórze
31-728,Dzielnica XIII Podgórze
31-732,Dzielnica XVII Wzgórza Krzesławickie
31-735,Dzielnica XIII Podgórze
31-766,Dzielnica XVII Wzgórza Krzesławickie
31-786,Dzielnica XVII Wzgórza Krzesławickie
31-798,Dzielnica XII Bieżanów-Prokocim
31-801,Dzielnica XV Mistrzejowice
31-802,Dzielnica XVI Bieńczyce
31-811,Dzielnica III Prądnik Czerwony
31-812,Dzielnica XVI Bieńczyce
31-815,Dzielnica XII Bieżanów-Prokocim
31-828,Dzielnica XVI Bieńczyce
31-861,Dzielnica XIV Czyżyny
31-865,Dzielnica XII Bieżanów-Prokocim
31-867,Dzielnica XII Bieżanów-Prokocim
31-906,Dzielnica XVIII Nowa Huta
31-930,Dzielnica XVIII Nowa Huta
31-936,Dzielnica XVIII Nowa Huta
31-939,Dzielnica XIV Czyżyny
31-957,Dzielnica XVIII Nowa Huta
31-967,Dzielnica XVIII Nowa Huta
31-971,Dzielnica XVIII Nowa Huta
31-976,Dzielnica XVIII Nowa Huta
31-979,Dzielnica XIV Czyżyny
31-992,Dzielnica XVII Wzgórza Krzesławickie
32-020,Dzielnica V Krowodrza
32-087,Dzielnica V Krowodrza
32-221,Dzielnica IV Prądnik Biały
32-262,Dzielnica IV Prądnik Biały
32-320,Dzielnica VIII Dębniki
32-580,Dzielnica XIV Czyżyny
32-727,Dzielnica XVII Wzgórza Krzesławickie
32-836,Dzielnica XVI Bieńczyce
32-854,Dzielnica XVI Bieńczyce
32-944,Dzielnica XVIII Nowa Huta
33-142,Dzielnica III Prądnik Czerwony
33-364,Dzielnica VIII Dębniki
33-537,Dzielnica II Grzegórzki
33-877,Dzielnica XIV Czyżyny
57-320,Dzielnica XII Bieżanów-Prokocim
00-000,Dzielnica XIII Podgórze
03-389,Dzielnica X Swoszowice
13-143,Dzielnica I Stare Miasto
20-198,Dzielnica VI Bronowice
20-388,Dzielnica XV Mistrzejowice
30-020,Dzielnica V Krowodrza
30-032,Dzielnica V Krowodrza
30-036,Dzielnica V Krowodrza
30-038,Dzielnica I Stare Miasto
30-039,Dzielnica V Krowodrza
30-040,Dzielnica V Krowodrza
30-055,Dzielnica V Krowodrza
30-067,Dzielnica I Stare Miasto
30-101,Dzielnica VII Zwierzyniec
30-103,Dzielnica VII Zwierzyniec
30-104,Dzielnica VII Zwierzyniec
30-110,Dzielnica IX Łagiewniki-Borek Fałęcki
30-127,Dzielnica VI Bronowice
30-135,Dzielnica I Stare Miasto
30-142,Dzielnica V Krowodrza
30-146,Dzielnica VI Bronowice
30-148,Dzielnica IV Prądnik Biały
30-150,Dzielnica I Stare Miasto
30-200,Dzielnica VII Zwierzyniec
30-217,Dzielnica IV Prądnik Biały
30-227,Dzielnica VII Zwierzyniec
30-231,Dzielnica IV Prądnik Biały
30-235,Dzielnica VI Bronowice
30-241,Dzielnica VII Zwierzyniec
30-245,Dzielnica VII Zwierzyniec
30-259,Dzielnica VII Zwierzyniec
30-273,Dzielnica XIII Podgórze
30-304,Dzielnica VIII Dębniki
30-316,Dzielnica VIII Dębniki
30-318,Dzielnica IX Łagiewniki-Borek Fałęcki
30-321,Dzielnica VIII Dębniki
30-324,Dzielnica VIII Dębniki
30-331,Dzielnica VIII Dębniki
30-334,Dzielnica VIII Dębniki
30-342,Dzielnica VIII Dębniki
30-360,Dzielnica VIII Dębniki
30-363,Dzielnica I Stare Miasto
30-365,Dzielnica VIII Dębniki
30-380,Dzielnica VIII Dębniki
30-383,Dzielnica IX Łagiewniki-Borek Fałęcki
30-385,Dzielnica V Krowodrza
30-391,Dzielnica VIII Dębniki
30-394,Dzielnica IX Łagiewniki-Borek Fałęcki
30-407,Dzielnica IX Łagiewniki-Borek Fałęcki
30-412,Dzielnica IX Łagiewniki-Borek Fałęcki
30-426,Dzielnica IX Łagiewniki-Borek Fałęcki
30-447,Dzielnica IX Łagiewniki-Borek Fałęcki
30-505,Dzielnica II Grzegórzki
30-530,Dzielnica XIII Podgórze
30-552,Dzielnica II Grzegórzki
30-559,Dzielnica II Grzegórzki
30-560,Dzielnica IX Łagiewniki-Borek Fałęcki
30-592,Dzielnica VIII Dębniki
30-604,Dzielnica IX Łagiewniki-Borek Fałęcki
30-612,Dzielnica XI Podgórze Duchackie
30-616,Dzielnica IX Łagiewniki-Borek Fałęcki
30-641,Dzielnica XI Podgórze Duchackie
30-643,Dzielnica XI Podgórze Duchackie
30-648,Dzielnica XI Podgórze Duchackie
30-649,Dzielnica XI Podgórze Duchackie
30-657,Dzielnica XI Podgórze Duchackie
30-658,Dzielnica VIII Dębniki
30-667,Dzielnica XI Podgórze Duchackie
30-668,Dzielnica XI Podgórze Duchackie
30-697,Dzielnica X Swoszowice
30-698,Dzielnica I Stare Miasto
30-716,Dzielnica VIII Dębniki
30-732,Dzielnica XII Bieżanów-Prokocim
30-735,Dzielnica XIII Podgórze
30-786,Dzielnica XII Bieżanów-Prokocim
30-798,Dzielnica XII Bieżanów-Prokocim
30-813,Dzielnica XII Bieżanów-Prokocim
30-831,Dzielnica VIII Dębniki
30-837,Dzielnica XII Bieżanów-Prokocim
30-852,Dzielnica XII Bieżanów-Prokocim
30-855,Dzielnica XI Podgórze Duchackie
30-870,Dzielnica XII Bieżanów-Prokocim
30-892,Dzielnica VIII Dębniki
30-899,Dzielnica XII Bieżanów-Prokocim
30-900,Dzielnica IX Łagiewniki-Borek Fałęcki
31-017,Dzielnica I Stare Miasto
31-021,Dzielnica I Stare Miasto
31-023,Dzielnica I Stare Miasto
31-024,Dzielnica I Stare Miasto
31-032,Dzielnica I Stare Miasto
31-039,Dzielnica I Stare Miasto
31-057,Dzielnica I Stare Miasto
31-066,Dzielnica I Stare Miasto
31-068,Dzielnica I Stare Miasto
31-098,Dzielnica VI Bronowice
31-105,Dzielnica I Stare Miasto
31-121,Dzielnica I Stare Miasto
31-123,Dzielnica I Stare Miasto
31-127,Dzielnica I Stare Miasto
31-161,Dzielnica I Stare Miasto
31-187,Dzielnica XIV Czyżyny
31-322,Dzielnica IV Prądnik Biały
31-341,Dzielnica III Prądnik Czerwony
31-355,Dzielnica II Grzegórzki
31-356,Dzielnica IV Prądnik Biały
31-357,Dzielnica IV Prądnik Biały
31-381,Dzielnica XVI Bieńczyce
31-399,Dzielnica IV Prądnik Biały
31-400,Dzielnica III Prądnik Czerwony
31-419,Dzielnica III Prądnik Czerwony
31-420,Dzielnica II Grzegórzki
31-430,Dzielnica III Prądnik Czerwony
31-440,Dzielnica III Prądnik Czerwony
31-453,Dzielnica III Prądnik Czerwony
31-469,Dzielnica III Prądnik Czerwony
31-471,Dzielnica III Prądnik Czerwony
31-488,Dzielnica III Prądnik Czerwony
31-505,Dzielnica I Stare Miasto
31-506,Dzielnica II Grzegórzki
31-510,Dzielnica I Stare Miasto
31-515,Dzielnica II Grzegórzki
31-516,Dzielnica II Grzegórzki
31-517,Dzielnica II Grzegórzki
31-529,Dzielnica II Grzegórzki
31-534,Dzielnica II Grzegórzki
31-544,Dzielnica I Stare Miasto
31-551,Dzielnica II Grzegórzki
31-552,Dzielnica II Grzegórzki
31-594,Dzielnica II Grzegórzki
31-602,Dzielnica XV Mistrzejowice
31-603,Dzielnica XV Mistrzejowice
31-628,Dzielnica XV Mistrzejowice
31-638,Dzielnica XI Podgórze Duchackie
31-651,Dzielnica XV Mistrzejowice
31-672,Dzielnica II Grzegórzki
31-673,Dzielnica XVI Bieńczyce
31-704,Dzielnica XIII Podgórze
31-711,Dzielnica XVII Wzgórza Krzesławickie
31-721,Dzielnica IV Prądnik Biały
31-725,Dzielnica XVII Wzgórza Krzesławickie
31-763,Dzielnica XIV Czyżyny
31-783,Dzielnica XIV Czyżyny
31-832,Dzielnica XVI Bieńczyce
31-849,Dzielnica XVI Bieńczyce
31-864,Dzielnica XIV Czyżyny
31-874,Dzielnica XIV Czyżyny
31-898,Dzielnica XVIII Nowa Huta
31-903,Dzielnica XIV Czyżyny
31-922,Dzielnica XIV Czyżyny
31-927,Dzielnica XVIII Nowa Huta
31-933,Dzielnica XVIII Nowa Huta
31-938,Dzielnica XVIII Nowa Huta
31-954,Dzielnica XVIII Nowa Huta
31-959,Dzielnica XVIII Nowa Huta
31-978,Dzielnica XVIII Nowa Huta
31-982,Dzielnica XIV Czyżyny
31-987,Dzielnica XVII Wzgórza Krzesławickie
32-234,Dzielnica IV Prądnik Biały
32-384,Dzielnica VIII Dębniki
32-653,Dzielnica XI Podgórze Duchackie
33-363,Dzielnica XIII Podgórze
33-376,Dzielnica VIII Dębniki
33-377,Dzielnica VIII Dębniki
33-523,Dzielnica II Grzegórzki
33-579,Dzielnica XIV Czyżyny
34-215,Dzielnica IV Prądnik Biały
35-559,Dzielnica II Grzegórzki
36-050,Dzielnica VII Zwierzyniec
36-566,Dzielnica II Grzegórzki
38-638,Dzielnica XI Podgórze Duchackie
41-462,Dzielnica III Prądnik Czerwony
41-927,Dzielnica XVIII Nowa Huta
20-298,Dzielnica VII Zwierzyniec
21-241,Dzielnica III Prądnik Czerwony
30-010,Dzielnica I Stare Miasto
30-016,Dzielnica V Krowodrza
30-019,Dzielnica I Stare Miasto
30-023,Dzielnica V Krowodrza
30-034,Dzielnica V Krowodrza
30-043,Dzielnica V Krowodrza
30-070,Dzielnica I Stare Miasto
30-076,Dzielnica V Krowodrza
30-079,Dzielnica V Krowodrza
30-080,Dzielnica V Krowodrza
30-089,Dzielnica VIII Dębniki
30-093,Dzielnica V Krowodrza
30-102,Dzielnica VII Zwierzyniec
30-108,Dzielnica IX Łagiewniki-Borek Fałęcki
30-113,Dzielnica VII Zwierzyniec
30-141,Dzielnica I Stare Miasto
30-144,Dzielnica I Stare Miasto
30-145,Dzielnica VI Bronowice
30-196,Dzielnica VI Bronowice
30-199,Dzielnica VI Bronowice
30-205,Dzielnica VII Zwierzyniec
30-207,Dzielnica IV Prądnik Biały
30-210,Dzielnica VII Zwierzyniec
30-220,Dzielnica VII Zwierzyniec
30-232,Dzielnica VII Zwierzyniec
30-242,Dzielnica VII Zwierzyniec
30-278,Dzielnica VII Zwierzyniec
30-302,Dzielnica VII Zwierzyniec
30-313,Dzielnica VII Zwierzyniec
30-315,Dzielnica IV Prądnik Biały
30-317,Dzielnica IV Prądnik Biały
30-322,Dzielnica VII Zwierzyniec
30-332,Dzielnica VIII Dębniki
30-341,Dzielnica IV Prądnik Biały
30-344,Dzielnica VIII Dębniki
30-369,Dzielnica VIII Dębniki
30-386,Dzielnica VIII Dębniki
30-389,Dzielnica I Stare Miasto
30-392,Dzielnica VIII Dębniki
30-422,Dzielnica III Prądnik Czerwony
30-431,Dzielnica VIII Dębniki
30-434,Dzielnica X Swoszowice
30-439,Dzielnica VIII Dębniki
30-440,Dzielnica X Swoszowice
30-493,Dzielnica XI Podgórze Duchackie
30-498,Dzielnica X Swoszowice
30-500,Dzielnica XIII Podgórze
30-506,Dzielnica II Grzegórzki
30-513,Dzielnica XI Podgórze Duchackie
30-539,Dzielnica XIII Podgórze
30-584,Dzielnica XII Bieżanów-Prokocim
30-602,Dzielnica IX Łagiewniki-Borek Fałęcki
30-607,Dzielnica IX Łagiewniki-Borek Fałęcki
30-611,Dzielnica I Stare Miasto
30-614,Dzielnica XI Podgórze Duchackie
30-623,Dzielnica XI Podgórze Duchackie
30-628,Dzielnica X Swoszowice
30-633,Dzielnica IX Łagiewniki-Borek Fałęcki
30-712,Dzielnica XIII Podgórze
30-715,Dzielnica XIII Podgórze
30-736,Dzielnica VIII Dębniki
30-739,Dzielnica XIII Podgórze
30-750,Dzielnica XIII Podgórze
30-758,Dzielnica XII Bieżanów-Prokocim
30-773,Dzielnica XIII Podgórze
30-778,Dzielnica XII Bieżanów-Prokocim
30-803,Dzielnica XII Bieżanów-Prokocim
30-817,Dzielnica XI Podgórze Duchackie
30-833,Dzielnica XII Bieżanów-Prokocim
30-838,Dzielnica IX Łagiewniki-Borek Fałęcki
30-846,Dzielnica XII Bieżanów-Prokocim
30-854,Dzielnica XII Bieżanów-Prokocim
30-856,Dzielnica XII Bieżanów-Prokocim
30-879,Dzielnica XII Bieżanów-Prokocim
30-932,Dzielnica VIII Dębniki
30-935,Dzielnica XII Bieżanów-Prokocim
30-953,Dzielnica XI Podgórze Duchackie
30-958,Dzielnica V Krowodrza
30-975,Dzielnica XII Bieżanów-Prokocim
31-009,Dzielnica I Stare Miasto
31-022,Dzielnica I Stare Miasto
31-028,Dzielnica I Stare Miasto
31-034,Dzielnica I Stare Miasto
31-045,Dzielnica I Stare Miasto
31-047,Dzielnica I Stare Miasto
31-061,Dzielnica I Stare Miasto
31-065,Dzielnica I Stare Miasto
31-073,Dzielnica I Stare Miasto
31-085,Dzielnica V Krowodrza
31-091,Dzielnica VI Bronowice
31-122,Dzielnica IV Prądnik Biały
31-128,Dzielnica I Stare Miasto
31-135,Dzielnica I Stare Miasto
31-137,Dzielnica I Stare Miasto
31-149,Dzielnica I Stare Miasto
31-150,Dzielnica I Stare Miasto
31-156,Dzielnica I Stare Miasto
31-162,Dzielnica I Stare Miasto
31-212,Dzielnica I Stare Miasto
31-214,Dzielnica IV Prądnik Biały
31-223,Dzielnica IV Prądnik Biały
31-129,Dzielnica I Stare Miasto
31-130,Dzielnica I Stare Miasto
31-143,Dzielnica I Stare Miasto
31-146,Dzielnica I Stare Miasto
31-147,Dzielnica I Stare Miasto
31-157,Dzielnica I Stare Miasto
31-208,Dzielnica IV Prądnik Biały
31-209,Dzielnica IV Prądnik Biały
31-221,Dzielnica IV Prądnik Biały
31-238,Dzielnica IV Prądnik Biały
31-239,Dzielnica IV Prądnik Biały
31-271,Dzielnica IV Prądnik Biały
31-288,Dzielnica IV Prądnik Biały
31-298,Dzielnica XIV Czyżyny
31-299,Dzielnica IV Prądnik Biały
31-300,Dzielnica IV Prądnik Biały
31-309,Dzielnica IV Prądnik Biały
31-312,Dzielnica I Stare Miasto
31-313,Dzielnica IV Prądnik Biały
31-340,Dzielnica IV Prądnik Biały
31-348,Dzielnica IV Prądnik Biały
31-349,Dzielnica IV Prądnik Biały
31-354,Dzielnica II Grzegórzki
31-369,Dzielnica I Stare Miasto
31-389,Dzielnica X Swoszowice
31-403,Dzielnica I Stare Miasto
31-404,Dzielnica I Stare Miasto
31-409,Dzielnica III Prądnik Czerwony
31-411,Dzielnica I Stare Miasto
31-416,Dzielnica III Prądnik Czerwony
31-423,Dzielnica III Prądnik Czerwony
31-424,Dzielnica III Prądnik Czerwony
31-428,Dzielnica II Grzegórzki
31-444,Dzielnica I Stare Miasto
31-455,Dzielnica III Prądnik Czerwony
31-461,Dzielnica III Prądnik Czerwony
31-466,Dzielnica III Prądnik Czerwony
31-501,Dzielnica I Stare Miasto
31-511,Dzielnica I Stare Miasto
31-522,Dzielnica II Grzegórzki
31-524,Dzielnica II Grzegórzki
31-528,Dzielnica II Grzegórzki
31-546,Dzielnica II Grzegórzki
31-547,Dzielnica II Grzegórzki
31-555,Dzielnica II Grzegórzki
31-559,Dzielnica II Grzegórzki
31-563,Dzielnica II Grzegórzki
31-574,Dzielnica XIV Czyżyny
31-596,Dzielnica II Grzegórzki
31-597,Dzielnica XVIII Nowa Huta
31-612,Dzielnica IV Prądnik Biały
31-613,Dzielnica XV Mistrzejowice
31-614,Dzielnica II Grzegórzki
31-616,Dzielnica XV Mistrzejowice
31-619,Dzielnica XI Podgórze Duchackie
31-620,Dzielnica XV Mistrzejowice
31-630,Dzielnica XIV Czyżyny
31-640,Dzielnica III Prądnik Czerwony
31-683,Dzielnica XII Bieżanów-Prokocim
31-686,Dzielnica XIV Czyżyny
31-692,Dzielnica XVIII Nowa Huta
31-693,Dzielnica XI Podgórze Duchackie
31-696,Dzielnica XV Mistrzejowice
31-700,Dzielnica XVII Wzgórza Krzesławickie
31-707,Dzielnica XVII Wzgórza Krzesławickie
31-734,Dzielnica XVI Bieńczyce
31-741,Dzielnica XII Bieżanów-Prokocim
31-754,Dzielnica XVI Bieńczyce
31-803,Dzielnica XVI Bieńczyce
31-813,Dzielnica XVI Bieńczyce
31-827,Dzielnica XIV Czyżyny
31-839,Dzielnica XVI Bieńczyce
31-842,Dzielnica XIV Czyżyny
31-844,Dzielnica XVI Bieńczyce
31-848,Dzielnica XVI Bieńczyce
31-856,Dzielnica XIV Czyżyny
31-857,Dzielnica XIV Czyżyny
31-876,Dzielnica III Prądnik Czerwony
31-877,Dzielnica XIV Czyżyny
31-916,Dzielnica XV Mistrzejowice
31-918,Dzielnica XV Mistrzejowice
31-920,Dzielnica XVI Bieńczyce
31-946,Dzielnica III Prądnik Czerwony
31-948,Dzielnica XVI Bieńczyce
31-951,Dzielnica XVI Bieńczyce
31-956,Dzielnica XVIII Nowa Huta
31-966,Dzielnica XVII Wzgórza Krzesławickie
31-972,Dzielnica XVI Bieńczyce
31-980,Dzielnica XIV Czyżyny
31-985,Dzielnica XIV Czyżyny
31-999,Dzielnica XVII Wzgórza Krzesławickie
32-010,Dzielnica XII Bieżanów-Prokocim
32-050,Dzielnica IX Łagiewniki-Borek Fałęcki
32-206,Dzielnica VII Zwierzyniec
32-222,Dzielnica IV Prądnik Biały
32-475,Dzielnica III Prądnik Czerwony
33-803,Dzielnica VIII Dębniki
33-814,Dzielnica XVI Bieńczyce
34-165,Dzielnica VI Bronowice
34-471,Dzielnica XVIII Nowa Huta
35-552,Dzielnica XIII Podgórze
36-363,Dzielnica VIII Dębniki
37-998,Dzielnica XVIII Nowa Huta
39-442,Dzielnica X Swoszowice
39-699,Dzielnica X Swoszowice
60-552,Dzielnica XIII Podgórze
31-198,Dzielnica VI Bronowice
31-207,Dzielnica IV Prądnik Biały
31-211,Dzielnica IV Prądnik Biały
31-237,Dzielnica IV Prądnik Biały
31-240,Dzielnica VII Zwierzyniec
31-261,Dzielnica IV Prądnik Biały
31-265,Dzielnica IV Prądnik Biały
31-287,Dzielnica XIV Czyżyny
31-316,Dzielnica III Prądnik Czerwony
31-318,Dzielnica IV Prądnik Biały
31-319,Dzielnica I Stare Miasto
31-320,Dzielnica IV Prądnik Biały
31-323,Dzielnica IV Prądnik Biały
31-325,Dzielnica IV Prądnik Biały
31-331,Dzielnica IV Prądnik Biały
31-334,Dzielnica III Prądnik Czerwony
31-342,Dzielnica IV Prądnik Biały
31-362,Dzielnica IV Prądnik Biały
31-407,Dzielnica III Prądnik Czerwony
31-412,Dzielnica IV Prądnik Biały
31-427,Dzielnica IV Prądnik Biały
31-437,Dzielnica III Prądnik Czerwony
31-450,Dzielnica II Grzegórzki
31-476,Dzielnica III Prądnik Czerwony
31-479,Dzielnica III Prądnik Czerwony
31-504,Dzielnica I Stare Miasto
31-530,Dzielnica II Grzegórzki
31-553,Dzielnica II Grzegórzki
31-560,Dzielnica II Grzegórzki
31-571,Dzielnica II Grzegórzki
31-585,Dzielnica XVI Bieńczyce
31-607,Dzielnica XV Mistrzejowice
31-608,Dzielnica XIV Czyżyny
31-609,Dzielnica III Prądnik Czerwony
31-664,Dzielnica II Grzegórzki
31-669,Dzielnica I Stare Miasto
31-702,Dzielnica XIII Podgórze
31-705,Dzielnica XVII Wzgórza Krzesławickie
31-716,Dzielnica XIII Podgórze
31-726,Dzielnica XVII Wzgórza Krzesławickie
31-768,Dzielnica XVII Wzgórza Krzesławickie
31-800,Dzielnica XIV Czyżyny
31-810,Dzielnica XIV Czyżyny
31-825,Dzielnica XIV Czyżyny
31-829,Dzielnica XVI Bieńczyce
31-833,Dzielnica XII Bieżanów-Prokocim
31-836,Dzielnica XVI Bieńczyce
31-852,Dzielnica XVI Bieńczyce
31-859,Dzielnica XIV Czyżyny
31-860,Dzielnica XVI Bieńczyce
31-908,Dzielnica XV Mistrzejowice
31-921,Dzielnica XV Mistrzejowice
31-923,Dzielnica XVIII Nowa Huta
31-926,Dzielnica XVIII Nowa Huta
31-929,Dzielnica XVIII Nowa Huta
31-952,Dzielnica XVIII Nowa Huta
31-983,Dzielnica XIV Czyżyny
31-984,Dzielnica XIV Czyżyny
31-989,Dzielnica XVIII Nowa Huta
31-990,Dzielnica XVII Wzgórza Krzesławickie
31-997,Dzielnica XVIII Nowa Huta
32-071,Dzielnica XIII Podgórze
32-215,Dzielnica IV Prądnik Biały
32-231,Dzielnica IV Prądnik Biały
32-235,Dzielnica IV Prądnik Biały
32-354,Dzielnica IV Prądnik Biały
32-704,Dzielnica XIII Podgórze
32-926,Dzielnica XVIII Nowa Huta
32-988,Dzielnica XVIII Nowa Huta
33-007,Dzielnica V Krowodrza
33-155,Dzielnica II Grzegórzki
33-559,Dzielnica II Grzegórzki
34-546,Dzielnica II Grzegórzki
34-589,Dzielnica XIV Czyżyny
37-423,Dzielnica III Prądnik Czerwony
40-408,Dzielnica IX Łagiewniki-Borek Fałęcki
41-512,Dzielnica II Grzegórzki
63-158,Dzielnica XIV Czyżyny
30-968,Dzielnica X Swoszowice
31-004,Dzielnica I Stare Miasto
31-015,Dzielnica I Stare Miasto
31-030,Dzielnica I Stare Miasto
31-055,Dzielnica I Stare Miasto
31-060,Dzielnica I Stare Miasto
31-107,Dzielnica I Stare Miasto
31-112,Dzielnica I Stare Miasto
31-116,Dzielnica I Stare Miasto
31-118,Dzielnica I Stare Miasto
31-125,Dzielnica IV Prądnik Biały
31-144,Dzielnica I Stare Miasto
31-151,Dzielnica I Stare Miasto
31-153,Dzielnica I Stare Miasto
31-154,Dzielnica I Stare Miasto
31-201,Dzielnica I Stare Miasto
31-205,Dzielnica IV Prądnik Biały
31-217,Dzielnica IV Prądnik Biały
31-226,Dzielnica IV Prądnik Biały
31-228,Dzielnica IV Prądnik Biały
31-229,Dzielnica IV Prądnik Biały
31-231,Dzielnica I Stare Miasto
31-235,Dzielnica IV Prądnik Biały
31-242,Dzielnica IV Prądnik Biały
31-251,Dzielnica IV Prądnik Biały
31-267,Dzielnica IV Prądnik Biały
31-276,Dzielnica IV Prądnik Biały
31-278,Dzielnica IV Prądnik Biały
31-279,Dzielnica IV Prądnik Biały
31-306,Dzielnica IV Prądnik Biały
31-308,Dzielnica IV Prądnik Biały
31-311,Dzielnica IV Prądnik Biały
31-314,Dzielnica III Prądnik Czerwony
31-327,Dzielnica IV Prądnik Biały
31-336,Dzielnica IV Prądnik Biały
31-338,Dzielnica IV Prądnik Biały
31-339,Dzielnica II Grzegórzki
31-352,Dzielnica II Grzegórzki
31-360,Dzielnica XV Mistrzejowice
31-386,Dzielnica VIII Dębniki
31-406,Dzielnica I Stare Miasto
31-410,Dzielnica III Prądnik Czerwony
31-414,Dzielnica I Stare Miasto
31-418,Dzielnica III Prądnik Czerwony
31-426,Dzielnica III Prądnik Czerwony
31-429,Dzielnica II Grzegórzki
31-436,Dzielnica III Prądnik Czerwony
31-443,Dzielnica III Prądnik Czerwony
31-446,Dzielnica III Prądnik Czerwony
31-449,Dzielnica III Prądnik Czerwony
31-452,Dzielnica III Prądnik Czerwony
31-460,Dzielnica III Prądnik Czerwony
31-464,Dzielnica II Grzegórzki
31-468,Dzielnica III Prądnik Czerwony
31-477,Dzielnica III Prądnik Czerwony
31-482,Dzielnica III Prądnik Czerwony
31-533,Dzielnica II Grzegórzki
31-536,Dzielnica II Grzegórzki
31-538,Dzielnica II Grzegórzki
31-543,Dzielnica II Grzegórzki
31-564,Dzielnica II Grzegórzki
31-566,Dzielnica II Grzegórzki
31-568,Dzielnica II Grzegórzki
31-572,Dzielnica I Stare Miasto
31-575,Dzielnica II Grzegórzki
31-579,Dzielnica XIV Czyżyny
31-581,Dzielnica XIV Czyżyny
31-587,Dzielnica XIV Czyżyny
31-593,Dzielnica II Grzegórzki
31-622,Dzielnica XV Mistrzejowice
31-626,Dzielnica XV Mistrzejowice
31-632,Dzielnica XV Mistrzejowice
31-636,Dzielnica XIV Czyżyny
31-642,Dzielnica III Prądnik Czerwony
31-646,Dzielnica IV Prądnik Biały
31-670,Dzielnica XV Mistrzejowice
31-675,Dzielnica XIV Czyżyny
31-727,Dzielnica I Stare Miasto
31-736,Dzielnica XIII Podgórze
31-751,Dzielnica III Prądnik Czerwony
31-753,Dzielnica XVII Wzgórza Krzesławickie
31-762,Dzielnica XVII Wzgórza Krzesławickie
31-765,Dzielnica XVI Bieńczyce
31-785,Dzielnica XIV Czyżyny
31-797,Dzielnica XVIII Nowa Huta
31-804,Dzielnica III Prądnik Czerwony
31-808,Dzielnica XVI Bieńczyce
31-814,Dzielnica XVI Bieńczyce
31-816,Dzielnica XII Bieżanów-Prokocim
31-818,Dzielnica XVI Bieńczyce
31-830,Dzielnica XV Mistrzejowice
31-863,Dzielnica XIV Czyżyny
31-866,Dzielnica XIV Czyżyny
31-868,Dzielnica XII Bieżanów-Prokocim
31-873,Dzielnica XIV Czyżyny
31-881,Dzielnica III Prądnik Czerwony
31-887,Dzielnica XIV Czyżyny
31-902,Dzielnica XVIII Nowa Huta
31-905,Dzielnica XVIII Nowa Huta
31-911,Dzielnica XVIII Nowa Huta
31-913,Dzielnica XVIII Nowa Huta
31-914,Dzielnica XVI Bieńczyce
31-919,Dzielnica XVI Bieńczyce
31-932,Dzielnica XIV Czyżyny
31-935,Dzielnica XVIII Nowa Huta
31-941,Dzielnica XVIII Nowa Huta
31-943,Dzielnica XVIII Nowa Huta
31-944,Dzielnica XVIII Nowa Huta
31-949,Dzielnica XVIII Nowa Huta
31-958,Dzielnica XIV Czyżyny
31-961,Dzielnica XVIII Nowa Huta
31-963,Dzielnica XVII Wzgórza Krzesławickie
31-964,Dzielnica XVIII Nowa Huta
31-968,Dzielnica XVIII Nowa Huta
31-975,Dzielnica XIV Czyżyny
31-996,Dzielnica XVI Bieńczyce
32-061,Dzielnica XI Podgórze Duchackie
32-121,Dzielnica I Stare Miasto
32-589,Dzielnica XIV Czyżyny
32-621,Dzielnica XV Mistrzejowice
32-623,Dzielnica XV Mistrzejowice
32-712,Dzielnica XVII Wzgórza Krzesławickie
32-835,Dzielnica XII Bieżanów-Prokocim
32-982,Dzielnica XIV Czyżyny
32-985,Dzielnica XVIII Nowa Huta
33-097,Dzielnica VIII Dębniki
33-157,Dzielnica II Grzegórzki
33-332,Dzielnica I Stare Miasto
33-383,Dzielnica VIII Dębniki
33-798,Dzielnica XII Bieżanów-Prokocim
35-616,Dzielnica V Krowodrza
36-611,Dzielnica XI Podgórze Duchackie
36-623,Dzielnica XII Bieżanów-Prokocim
39-349,Dzielnica VIII Dębniki
45-664,Dzielnica XII Bieżanów-Prokocim
85-032,Dzielnica IV Prądnik Biały
31-230,Dzielnica IV Prądnik Biały
31-245,Dzielnica I Stare Miasto
31-247,Dzielnica IV Prądnik Biały
31-250,Dzielnica VII Zwierzyniec
31-262,Dzielnica IV Prądnik Biały
31-273,Dzielnica IV Prądnik Biały
31-310,Dzielnica IV Prądnik Biały
31-315,Dzielnica IV Prądnik Biały
31-317,Dzielnica I Stare Miasto
31-326,Dzielnica IV Prądnik Biały
31-344,Dzielnica IV Prądnik Biały
31-353,Dzielnica VI Bronowice
31-408,Dzielnica III Prądnik Czerwony
31-457,Dzielnica II Grzegórzki
31-475,Dzielnica III Prądnik Czerwony
31-502,Dzielnica II Grzegórzki
31-523,Dzielnica II Grzegórzki
31-569,Dzielnica III Prądnik Czerwony
31-573,Dzielnica II Grzegórzki
31-578,Dzielnica XIV Czyżyny
31-580,Dzielnica XIII Podgórze
31-586,Dzielnica XIV Czyżyny
31-618,Dzielnica XI Podgórze Duchackie
31-623,Dzielnica III Prądnik Czerwony
31-643,Dzielnica XV Mistrzejowice
31-652,Dzielnica XV Mistrzejowice
31-657,Dzielnica XI Podgórze Duchackie
31-688,Dzielnica XV Mistrzejowice
31-698,Dzielnica X Swoszowice
31-701,Dzielnica XIII Podgórze
31-706,Dzielnica XVII Wzgórza Krzesławickie
31-709,Dzielnica XVII Wzgórza Krzesławickie
31-712,Dzielnica XVII Wzgórza Krzesławickie
31-722,Dzielnica XVI Bieńczyce
31-767,Dzielnica XVII Wzgórza Krzesławickie
31-787,Dzielnica XIV Czyżyny
31-792,Dzielnica XVII Wzgórza Krzesławickie
31-809,Dzielnica XVI Bieńczyce
31-819,Dzielnica XV Mistrzejowice
31-820,Dzielnica XVI Bieńczyce
31-824,Dzielnica XIV Czyżyny
31-826,Dzielnica XV Mistrzejowice
31-831,Dzielnica III Prądnik Czerwony
31-835,Dzielnica XII Bieżanów-Prokocim
31-837,Dzielnica XIV Czyżyny
31-843,Dzielnica XVI Bieńczyce
31-854,Dzielnica XVI Bieńczyce
31-886,Dzielnica XIV Czyżyny
31-907,Dzielnica XVIII Nowa Huta
31-925,Dzielnica XV Mistrzejowice
31-937,Dzielnica XVI Bieńczyce
31-950,Dzielnica XVIII Nowa Huta
31-973,Dzielnica XIV Czyżyny
31-998,Dzielnica XVII Wzgórza Krzesławickie
32-051,Dzielnica XIII Podgórze
32-060,Dzielnica I Stare Miasto
32-091,Dzielnica XVI Bieńczyce
32-186,Dzielnica XIV Czyżyny
32-409,Dzielnica III Prądnik Czerwony
32-552,Dzielnica XIII Podgórze
32-862,Dzielnica XVI Bieńczyce
32-878,Dzielnica XIV Czyżyny
33-127,Dzielnica IV Prądnik Biały
33-734,Dzielnica XIII Podgórze
34-457,Dzielnica III Prądnik Czerwony
34-652,Dzielnica XVIII Nowa Huta
35-032,Dzielnica VIII Dębniki
35-205,Dzielnica VII Zwierzyniec
37-764,Dzielnica XVII Wzgórza Krzesławickie
39-392,Dzielnica VIII Dębniki
61-556,Dzielnica II Grzegórzki
91-966,Dzielnica XVIII Nowa Huta
30-956,Dzielnica XII Bieżanów-Prokocim
30-962,Dzielnica IV Prądnik Biały
31-001,Dzielnica I Stare Miasto
31-008,Dzielnica I Stare Miasto
31-010,Dzielnica I Stare Miasto
31-014,Dzielnica I Stare Miasto
31-016,Dzielnica I Stare Miasto
31-033,Dzielnica I Stare Miasto
31-049,Dzielnica I Stare Miasto
31-050,Dzielnica I Stare Miasto
31-054,Dzielnica I Stare Miasto
31-056,Dzielnica I Stare Miasto
31-069,Dzielnica I Stare Miasto
31-102,Dzielnica I Stare Miasto
31-103,Dzielnica I Stare Miasto
31-110,Dzielnica I Stare Miasto
31-115,Dzielnica I Stare Miasto
31-117,Dzielnica I Stare Miasto
31-124,Dzielnica I Stare Miasto
31-139,Dzielnica I Stare Miasto
31-141,Dzielnica I Stare Miasto
31-148,Dzielnica I Stare Miasto
31-213,Dzielnica IV Prądnik Biały
31-222,Dzielnica IV Prądnik Biały
31-225,Dzielnica IV Prądnik Biały
31-227,Dzielnica IV Prądnik Biały
31-234,Dzielnica III Prądnik Czerwony
31-236,Dzielnica III Prądnik Czerwony
31-256,Dzielnica IV Prądnik Biały
31-263,Dzielnica IV Prądnik Biały
31-272,Dzielnica II Grzegórzki
31-275,Dzielnica IV Prądnik Biały
31-277,Dzielnica IV Prądnik Biały
31-294,Dzielnica IV Prądnik Biały
31-305,Dzielnica IV Prądnik Biały
31-307,Dzielnica IV Prądnik Biały
31-324,Dzielnica IV Prądnik Biały
31-343,Dzielnica IV Prądnik Biały
31-345,Dzielnica I Stare Miasto
31-346,Dzielnica IV Prądnik Biały
31-347,Dzielnica IV Prądnik Biały
31-351,Dzielnica VI Bronowice
31-363,Dzielnica VIII Dębniki
31-365,Dzielnica VI Bronowice
31-387,Dzielnica XIV Czyżyny
31-394,Dzielnica VIII Dębniki
31-401,Dzielnica I Stare Miasto
31-413,Dzielnica III Prądnik Czerwony
31-421,Dzielnica I Stare Miasto
31-431,Dzielnica II Grzegórzki
31-442,Dzielnica III Prądnik Czerwony
31-447,Dzielnica I Stare Miasto
31-462,Dzielnica II Grzegórzki
31-463,Dzielnica II Grzegórzki
31-470,Dzielnica III Prądnik Czerwony
31-519,Dzielnica II Grzegórzki
31-520,Dzielnica I Stare Miasto
31-525,Dzielnica II Grzegórzki
31-526,Dzielnica II Grzegórzki
31-527,Dzielnica II Grzegórzki
31-532,Dzielnica II Grzegórzki
31-541,Dzielnica II Grzegórzki
31-542,Dzielnica II Grzegórzki
31-548,Dzielnica II Grzegórzki
31-554,Dzielnica II Grzegórzki
31-589,Dzielnica XIV Czyżyny
31-598,Dzielnica XIV Czyżyny
31-604,Dzielnica XV Mistrzejowice
31-611,Dzielnica XI Podgórze Duchackie
31-625,Dzielnica XV Mistrzejowice
31-635,Dzielnica XV Mistrzejowice
31-637,Dzielnica XV Mistrzejowice
31-639,Dzielnica XV Mistrzejowice
31-645,Dzielnica XV Mistrzejowice
31-647,Dzielnica XVI Bieńczyce
31-649,Dzielnica XVIII Nowa Huta
31-674,Dzielnica XVII Wzgórza Krzesławickie
31-708,Dzielnica XII Bieżanów-Prokocim
31-710,Dzielnica VII Zwierzyniec
31-752,Dzielnica XVI Bieńczyce
31-764,Dzielnica XIV Czyżyny
31-789,Dzielnica XIV Czyżyny
31-806,Dzielnica XVI Bieńczyce
31-807,Dzielnica XVI Bieńczyce
31-823,Dzielnica XV Mistrzejowice
31-834,Dzielnica XVI Bieńczyce
31-840,Dzielnica XVI Bieńczyce
31-845,Dzielnica XVI Bieńczyce
31-851,Dzielnica XVI Bieńczyce
31-853,Dzielnica XVI Bieńczyce
31-858,Dzielnica XVI Bieńczyce
31-862,Dzielnica XVI Bieńczyce
31-871,Dzielnica XIV Czyżyny
31-872,Dzielnica XIV Czyżyny
31-878,Dzielnica XIV Czyżyny
31-904,Dzielnica XVII Wzgórza Krzesławickie
31-909,Dzielnica XVII Wzgórza Krzesławickie
31-912,Dzielnica XVIII Nowa Huta
31-917,Dzielnica XVIII Nowa Huta
31-934,Dzielnica XIV Czyżyny
31-947,Dzielnica XVI Bieńczyce
31-953,Dzielnica II Grzegórzki
31-962,Dzielnica XVI Bieńczyce
31-970,Dzielnica XIV Czyżyny
31-974,Dzielnica XVIII Nowa Huta
31-991,Dzielnica XVIII Nowa Huta
32-135,Dzielnica VI Bronowice
32-213,Dzielnica IV Prądnik Biały
32-261,Dzielnica IV Prądnik Biały
32-421,Dzielnica III Prądnik Czerwony
32-444,Dzielnica III Prądnik Czerwony
32-564,Dzielnica II Grzegórzki
32-620,Dzielnica XI Podgórze Duchackie
32-945,Dzielnica XVIII Nowa Huta
33-012,Dzielnica V Krowodrza
33-038,Dzielnica VIII Dębniki
33-389,Dzielnica VIII Dębniki
33-965,Dzielnica XVIII Nowa Huta
36-686,Dzielnica XI Podgórze Duchackie
37-401,Dzielnica XII Bieżanów-Prokocim
39-398,Dzielnica VIII Dębniki
39-648,Dzielnica XI Podgórze Duchackie
39-686,Dzielnica XI Podgórze Duchackie
63-700,Dzielnica III Prądnik Czerwony
