mrch_postal_code;liczba_dlugich
31-625;639
31-586;540
30-435;513
31-101;329
31-154;300
31-241;205
30-059;191
31-123;49
31-131;44
30-149;40
30-024;39
30-519;38
31-001;35
31-052;28
31-038;24
30-663;22
31-004;20
31-068;2
32-083;19
31-150;18
31-057;17
31-545;17
31-045;16
31-055;16
31-036;15
31-069;15
31-068;15
31-061;14
30-111;13
31-065;13
31-073;13
31-050;12
30-394;12
31-153;11
31-155;11
31-752;10
31-060;9
31-139;9
31-030;9
31-158;9
31-531;9
30-062;9
30-498;8
31-536;8
31-530;8
30-854;7
31-062;7
31-066;7
31-162;6
31-049;6
31-067;6
31-134;5
31-354;5
31-059;5
31-051;5
31-056;5
31-148;4
31-025;4
32-002;4
30-693;4
30-054;4
31-277;3
31-071;3
30-622;3
31-571;3
31-511;2
31-914;2
31-147;2
31-144;2
31-149;2
31-516;2
31-503;2
31-035;2
31-145;2
31-541;1
31-998;1
31-513;1
31-357;1
31-160;1
31-146;1
31-063;1
30-611;1
31-064;1
30-415;1
30-251;1
31-031;1
31-026;1
30-298;1
30-616;1
30-331;1
30-349;0
30-428;0
31-532;0
30-392;0
30-383;0
31-553;0
31-143;0
30-348;0
30-347;0
31-801;0
30-224;0
30-213;0
30-150;0
31-800;0
31-508;0
30-622;0
31-202;0
31-133;0
31-072;0
31-053;0
31-048;0
31-017;0
30-349;
30-347;
30-150;
31-141;0
30-960;0
30-721;0
30-705;0
31-403;0
31-416;0
31-476;0
30-644;0
02-401;0
